{
  "formatVersion": 1,
  "database": {
    "version": 1,
    "identityHash": "14df744c3ccccf8ea32acc3f486529be",
    "entities": [
      {
        "tableName": "MedicationEntity",
        "createSql": "CREATE TABLE IF NOT EXISTS `${TABLE_NAME}` (`id` INTEGER PRIMARY KEY AUTOINCREMENT NOT NULL, `name` TEXT NOT NULL, `dosage` INTEGER NOT NULL, `recurrence` TEXT NOT NULL, `endDate` INTEGER NOT NULL, `timesOfDay` TEXT NOT NULL, `medicationTaken` INTEGER NOT NULL, `date` INTEGER NOT NULL)",
        "fields": [
          {
            "fieldPath": "id",
            "columnName": "id",
            "affinity": "INTEGER",
            "notNull": true
          },
          {
            "fieldPath": "name",
            "columnName": "name",
            "affinity": "TEXT",
            "notNull": true
          },
          {
            "fieldPath": "dosage",
            "columnName": "dosage",
            "affinity": "INTEGER",
            "notNull": true
          },
          {
            "fieldPath": "recurrence",
            "columnName": "recurrence",
            "affinity": "TEXT",
            "notNull": true
          },
          {
            "fieldPath": "endDate",
            "columnName": "endDate",
            "affinity": "INTEGER",
            "notNull": true
          },
          {
            "fieldPath": "timesOfDay",
            "columnName": "timesOfDay",
            "affinity": "TEXT",
            "notNull": true
          },
          {
            "fieldPath": "medicationTaken",
            "columnName": "medicationTaken",
            "affinity": "INTEGER",
            "notNull": true
          },
          {
            "fieldPath": "date",
            "columnName": "date",
            "affinity": "INTEGER",
            "notNull": true
          }
        ],
        "primaryKey": {
          "autoGenerate": true,
          "columnNames": [
            "id"
          ]
        },
        "indices": [],
        "foreignKeys": []
      }
    ],
    "views": [],
    "setupQueries": [
      "CREATE TABLE IF NOT EXISTS room_master_table (id INTEGER PRIMARY KEY,identity_hash TEXT)",
      "INSERT OR REPLACE INTO room_master_table (id,identity_hash) VALUES(42, '14df744c3ccccf8ea32acc3f486529be')"
    ]
  }
}